{"_step":9,"epoch":10,"train_loss":45.829257336616514,"_timestamp":1.7331511508299115e+09,"_runtime":401.335405129,"_wandb":{"runtime":412}}