{"epoch":10,"train_loss":45.74889409065246,"_timestamp":1.7331506730391128e+09,"_runtime":535.045273453,"_step":9,"_wandb":{"runtime":560}}