{"train_loss":1.0000752108097077,"_timestamp":1.7331526191933596e+09,"_runtime":193.46938797,"_step":4,"_wandb":{"runtime":230},"epoch":5}