{"epoch":13,"train_loss":45.80121493930817,"_wandb":{"runtime":570},"_timestamp":1.7331518081125581e+09,"_runtime":565.142658917,"_step":12}